-- phpMyAdmin SQL Dump
-- version 3.4.5
-- http://www.phpmyadmin.net
--
-- Host: localhost
-- Generation Time: May 25, 2012 at 05:22 AM
-- Server version: 5.5.16
-- PHP Version: 5.3.8

SET SQL_MODE="NO_AUTO_VALUE_ON_ZERO";
SET time_zone = "+00:00";


/*!40101 SET @OLD_CHARACTER_SET_CLIENT=@@CHARACTER_SET_CLIENT */;
/*!40101 SET @OLD_CHARACTER_SET_RESULTS=@@CHARACTER_SET_RESULTS */;
/*!40101 SET @OLD_COLLATION_CONNECTION=@@COLLATION_CONNECTION */;
/*!40101 SET NAMES utf8 */;

--
-- Database: `waste`
--

-- --------------------------------------------------------

--
-- Table structure for table `collection`
--

CREATE TABLE IF NOT EXISTS `collection` (
  `collection_id` int(11) NOT NULL AUTO_INCREMENT,
  `collection_site` varchar(100) NOT NULL,
  `dumping_site` varchar(100) NOT NULL,
  `vehicle_id` varchar(100) NOT NULL,
  `mileage` varchar(20) NOT NULL,
  `load_weight` varchar(32) NOT NULL,
  `fuel_gauge` varchar(32) NOT NULL,
  `collection_date_time` timestamp NOT NULL DEFAULT CURRENT_TIMESTAMP ON UPDATE CURRENT_TIMESTAMP,
  `date_cap` varchar(20) NOT NULL,
  PRIMARY KEY (`collection_id`)
) ENGINE=InnoDB  DEFAULT CHARSET=latin1 AUTO_INCREMENT=164 ;

--
-- Dumping data for table `collection`
--

INSERT INTO `collection` (`collection_id`, `collection_site`, `dumping_site`, `vehicle_id`, `mileage`, `load_weight`, `fuel_gauge`, `collection_date_time`, `date_cap`) VALUES
(1, 'site5', 'Namuwongo', 'LG006010', '52', '5133', '64', '2012-05-24 13:21:59', '2002,2,22'),
(2, 'site1', 'Kiteezi', 'LG006010', '52', '5696', '61', '2012-05-24 13:21:59', '2003,9,23'),
(3, 'site7', 'Namuwongo', 'LG006010', '55', '5967', '70', '2012-05-24 13:21:59', '2004,2,11'),
(4, 'site2', 'Namuwongo', 'LG006010', '51', '6584', '51', '2012-05-24 13:21:59', '2005,9,29'),
(5, 'site9', 'Kiteezi', 'LG006010', '58', '5995', '62', '2012-05-24 13:21:59', '2006,8,18'),
(6, 'site6', 'Kiteezi', 'LG006010', '60', '6692', '59', '2012-05-24 13:21:59', '2007,7,6'),
(7, 'site3', 'Kiteezi', 'LG006010', '58', '6381', '70', '2012-05-24 13:21:59', '2008,9,22'),
(19, 'site9', 'Namuwongo', 'LG006010', '54', '5539', '50', '2012-05-24 13:25:18', '2009,11,13'),
(20, 'site6', 'Namuwongo', 'LG006010', '51', '6322', '65', '2012-05-24 13:23:26', '2010,8,1'),
(21, 'site4', 'Kiteezi', 'LG006010', '52', '6064', '64', '2012-05-24 13:23:26', '2011,5,17'),
(22, 'site2', 'Kiteezi', 'LG006010', '52', '5911', '66', '2012-05-24 13:23:26', '2012,3,9'),
(23, 'site10', 'Kiteezi', 'LG006010', '50', '6853', '50', '2012-05-24 13:23:26', '2013,7,3'),
(24, 'site9', 'Namuwongo', 'LG006010', '53', '6073', '57', '2012-05-24 13:23:26', '2014,8,28'),
(25, 'site1', 'Namuwongo', 'LG006010', '59', '6758', '59', '2012-05-24 13:23:26', '2015,2,6'),
(26, 'site6', 'Kiteezi', 'LG006010', '55', '5066', '59', '2012-05-24 13:23:26', '2016,5,7'),
(27, 'site5', 'Kiteezi', 'LG006010', '58', '5067', '53', '2012-05-24 13:23:26', '2017,9,14'),
(28, 'site7', 'Kiteezi', 'LG006010', '53', '5336', '57', '2012-05-24 13:23:26', '2018,0,18'),
(29, 'site9', 'Kiteezi', 'LG006010', '51', '6009', '63', '2012-05-24 13:23:26', '2019,2,12'),
(30, 'site1', 'Namuwongo', 'LG006010', '59', '6015', '67', '2012-05-24 13:23:26', '2020,10,14'),
(31, 'site3', 'Namuwongo', 'LG002311', '58', '6538', '67', '2012-05-24 13:26:22', '2002,5,17'),
(32, 'site6', 'Kiteezi', 'LG002311', '51', '6190', '57', '2012-05-24 13:26:22', '2003,4,25'),
(33, 'site9', 'Kiteezi', 'LG002311', '52', '5777', '59', '2012-05-24 13:26:22', '2004,6,11'),
(34, 'site10', 'Kiteezi', 'LG002311', '57', '6353', '65', '2012-05-24 13:26:22', '2005,1,1'),
(35, 'site10', 'Namuwongo', 'LG002311', '60', '6437', '65', '2012-05-24 13:26:22', '2006,11,8'),
(36, 'site7', 'Namuwongo', 'LG002311', '52', '6871', '64', '2012-05-24 13:26:22', '2007,2,25'),
(37, 'site9', 'Namuwongo', 'LG002311', '56', '5119', '61', '2012-05-24 13:26:22', '2008,3,21'),
(38, 'site2', 'Kiteezi', 'LG002311', '58', '6751', '52', '2012-05-24 13:26:22', '2009,6,12'),
(39, 'site4', 'Kiteezi', 'LG002311', '53', '6863', '58', '2012-05-24 13:27:02', '2010,1,21'),
(40, 'site10', 'Namuwongo', 'LG002311', '55', '5188', '53', '2012-05-24 13:27:02', '2011,10,29'),
(41, 'site8', 'Namuwongo', 'LG002311', '52', '5644', '52', '2012-05-24 13:27:02', '2012,2,4'),
(42, 'site5', 'Kiteezi', 'LG002311', '57', '6066', '60', '2012-05-24 13:27:02', '2013,1,26'),
(43, 'site8', 'Namuwongo', 'LG002311', '55', '6879', '64', '2012-05-24 13:27:02', '2014,9,31'),
(44, 'site7', 'Namuwongo', 'LG002311', '52', '6455', '58', '2012-05-24 13:27:02', '2015,5,30'),
(45, 'site7', 'Kiteezi', 'LG002311', '55', '5916', '68', '2012-05-24 13:27:02', '2016,9,19'),
(46, 'site10', 'Namuwongo', 'LG002311', '54', '5112', '54', '2012-05-24 13:27:02', '2017,7,28'),
(47, 'site9', 'Namuwongo', 'LG002311', '56', '6547', '51', '2012-05-24 13:27:02', '2018,2,26'),
(48, 'site8', 'Kiteezi', 'LG002311', '51', '6984', '58', '2012-05-24 13:27:02', '2019,3,5'),
(49, 'site1', 'Kiteezi', 'LG002311', '54', '5496', '69', '2012-05-24 13:27:02', '2020,0,15'),
(50, 'site4', 'Namuwongo', 'LG007712', '57', '5702', '70', '2012-05-24 13:27:53', '2010,1,18'),
(51, 'site1', 'Kiteezi', 'LG007712', '52', '6930', '58', '2012-05-24 13:27:53', '2011,1,12'),
(52, 'site8', 'Namuwongo', 'LG007712', '55', '6087', '64', '2012-05-24 13:27:53', '2012,3,11'),
(53, 'site10', 'Kiteezi', 'LG007712', '53', '6949', '70', '2012-05-24 13:27:53', '2013,7,22'),
(54, 'site10', 'Kiteezi', 'LG007712', '53', '6647', '53', '2012-05-24 13:27:53', '2014,3,14'),
(55, 'site2', 'Kiteezi', 'LG007712', '57', '6090', '51', '2012-05-24 13:27:53', '2015,10,9'),
(56, 'site4', 'Namuwongo', 'LG007712', '52', '6076', '56', '2012-05-24 13:27:53', '2016,9,24'),
(57, 'site9', 'Namuwongo', 'LG007712', '50', '5833', '52', '2012-05-24 13:27:53', '2017,4,21'),
(58, 'site2', 'Namuwongo', 'LG007712', '60', '5759', '60', '2012-05-24 13:27:53', '2018,3,15'),
(59, 'site4', 'Namuwongo', 'LG007712', '56', '5090', '50', '2012-05-24 13:27:53', '2019,1,21'),
(60, 'site2', 'Kiteezi', 'LG007712', '55', '6265', '66', '2012-05-24 13:27:53', '2020,8,7'),
(61, 'site7', 'Namuwongo', 'LG008890', '51', '5247', '59', '2012-05-24 13:28:05', '2010,0,19'),
(62, 'site5', 'Namuwongo', 'LG008890', '54', '5423', '56', '2012-05-24 13:28:06', '2011,8,26'),
(63, 'site8', 'Namuwongo', 'LG008890', '56', '6383', '68', '2012-05-24 13:28:06', '2012,1,2'),
(64, 'site7', 'Namuwongo', 'LG008890', '53', '5569', '54', '2012-05-24 13:28:06', '2013,11,14'),
(65, 'site3', 'Kiteezi', 'LG008890', '55', '5454', '53', '2012-05-24 13:28:06', '2014,8,8'),
(66, 'site10', 'Namuwongo', 'LG008890', '54', '6648', '53', '2012-05-24 13:28:06', '2015,0,30'),
(67, 'site3', 'Kiteezi', 'LG008890', '50', '5439', '59', '2012-05-24 13:28:06', '2016,11,18'),
(68, 'site2', 'Namuwongo', 'LG008890', '54', '5541', '57', '2012-05-24 13:28:06', '2017,0,9'),
(69, 'site7', 'Namuwongo', 'LG008890', '53', '6752', '56', '2012-05-24 13:28:06', '2018,7,16'),
(70, 'site8', 'Namuwongo', 'LG008890', '57', '6321', '61', '2012-05-24 13:28:06', '2019,10,24'),
(71, 'site6', 'Kiteezi', 'LG008890', '60', '5742', '68', '2012-05-24 13:28:06', '2020,2,27'),
(72, 'site10', 'Namuwongo', 'LG186213', '55', '6113', '54', '2012-05-24 13:28:20', '2010,0,20'),
(73, 'site5', 'Kiteezi', 'LG186213', '52', '5221', '55', '2012-05-24 13:28:20', '2011,8,31'),
(74, 'site7', 'Namuwongo', 'LG186213', '57', '6717', '69', '2012-05-24 13:28:20', '2012,11,13'),
(75, 'site5', 'Kiteezi', 'LG186213', '50', '5956', '60', '2012-05-24 13:28:20', '2013,8,12'),
(76, 'site3', 'Namuwongo', 'LG186213', '55', '6983', '61', '2012-05-24 13:28:20', '2014,11,7'),
(77, 'site3', 'Kiteezi', 'LG186213', '60', '6256', '56', '2012-05-24 13:28:20', '2015,7,30'),
(78, 'site5', 'Kiteezi', 'LG186213', '59', '5326', '62', '2012-05-24 13:28:20', '2016,9,15'),
(79, 'site4', 'Kiteezi', 'LG186213', '57', '6192', '61', '2012-05-24 13:28:20', '2017,1,3'),
(80, 'site7', 'Namuwongo', 'LG186213', '54', '6098', '55', '2012-05-24 13:28:20', '2018,10,1'),
(81, 'site5', 'Kiteezi', 'LG186213', '58', '5521', '69', '2012-05-24 13:28:20', '2019,6,26'),
(82, 'site4', 'Namuwongo', 'LG186213', '51', '6088', '61', '2012-05-24 13:28:20', '2020,7,10'),
(83, 'site8', 'Kiteezi', 'LG306012', '58', '6189', '62', '2012-05-24 13:28:39', '2010,0,7'),
(84, 'site9', 'Kiteezi', 'LG306012', '52', '5022', '61', '2012-05-24 13:28:40', '2011,7,17'),
(85, 'site10', 'Namuwongo', 'LG306012', '53', '6829', '69', '2012-05-24 13:28:40', '2012,9,18'),
(86, 'site5', 'Namuwongo', 'LG306012', '53', '6065', '65', '2012-05-24 13:28:40', '2013,2,3'),
(87, 'site4', 'Namuwongo', 'LG306012', '56', '5260', '53', '2012-05-24 13:28:40', '2014,4,18'),
(88, 'site8', 'Kiteezi', 'LG306012', '52', '6317', '51', '2012-05-24 13:28:40', '2015,11,19'),
(89, 'site7', 'Namuwongo', 'LG306012', '56', '6992', '60', '2012-05-24 13:28:40', '2016,11,22'),
(90, 'site7', 'Kiteezi', 'LG306012', '55', '5318', '60', '2012-05-24 13:28:40', '2017,10,14'),
(91, 'site9', 'Kiteezi', 'LG306012', '60', '5718', '56', '2012-05-24 13:28:40', '2018,5,13'),
(92, 'site10', 'Kiteezi', 'LG306012', '53', '5546', '70', '2012-05-24 13:28:40', '2019,9,22'),
(93, 'site4', 'Namuwongo', 'LG306012', '60', '5823', '60', '2012-05-24 13:28:40', '2020,1,10'),
(94, 'site3', 'Namuwongo', 'LG206040', '53', '6913', '67', '2012-05-24 13:28:52', '2010,3,18'),
(95, 'site8', 'Namuwongo', 'LG206040', '50', '6877', '62', '2012-05-24 13:28:52', '2011,3,17'),
(96, 'site6', 'Kiteezi', 'LG206040', '50', '5270', '69', '2012-05-24 13:28:52', '2012,7,21'),
(97, 'site3', 'Namuwongo', 'LG206040', '57', '6135', '53', '2012-05-24 13:28:52', '2013,0,29'),
(98, 'site1', 'Namuwongo', 'LG206040', '50', '6910', '51', '2012-05-24 13:28:52', '2014,11,4'),
(99, 'site9', 'Kiteezi', 'LG206040', '59', '5045', '50', '2012-05-24 13:28:52', '2015,3,7'),
(100, 'site10', 'Namuwongo', 'LG206040', '52', '5054', '51', '2012-05-24 13:28:52', '2016,7,30'),
(101, 'site9', 'Namuwongo', 'LG206040', '52', '5740', '56', '2012-05-24 13:28:52', '2017,10,16'),
(102, 'site3', 'Namuwongo', 'LG206040', '51', '6370', '52', '2012-05-24 13:28:52', '2018,5,8'),
(103, 'site7', 'Kiteezi', 'LG206040', '55', '5538', '51', '2012-05-24 13:28:52', '2019,2,8'),
(104, 'site3', 'Namuwongo', 'LG206040', '52', '5459', '51', '2012-05-24 13:28:52', '2020,1,14'),
(105, 'site5', 'Kiteezi', 'LG906910', '56', '5450', '54', '2012-05-24 13:29:07', '2010,2,21'),
(106, 'site7', 'Kiteezi', 'LG906910', '59', '5359', '59', '2012-05-24 13:29:07', '2011,2,18'),
(107, 'site1', 'Kiteezi', 'LG906910', '58', '6669', '68', '2012-05-24 13:29:07', '2012,7,28'),
(108, 'site10', 'Namuwongo', 'LG906910', '50', '6047', '50', '2012-05-24 13:29:07', '2013,4,17'),
(109, 'site7', 'Kiteezi', 'LG906910', '52', '5078', '63', '2012-05-24 13:29:07', '2014,3,12'),
(110, 'site6', 'Namuwongo', 'LG906910', '60', '6938', '69', '2012-05-24 13:29:08', '2015,10,9'),
(111, 'site5', 'Namuwongo', 'LG906910', '50', '5748', '68', '2012-05-24 13:29:08', '2016,4,30'),
(112, 'site2', 'Namuwongo', 'LG906910', '60', '5381', '64', '2012-05-24 13:29:08', '2017,8,5'),
(113, 'site7', 'Namuwongo', 'LG906910', '53', '5436', '68', '2012-05-24 13:29:08', '2018,8,7'),
(114, 'site8', 'Kiteezi', 'LG906910', '54', '5167', '69', '2012-05-24 13:29:08', '2019,9,2'),
(115, 'site8', 'Kiteezi', 'LG906910', '60', '5089', '53', '2012-05-24 13:29:08', '2020,9,22'),
(116, 'site3', 'Namuwongo', 'LG906910', '50', '5023', '53', '2012-05-24 13:29:46', '2002,3,22'),
(117, 'site10', 'Kiteezi', 'LG906910', '53', '6339', '64', '2012-05-24 13:29:46', '2003,6,6'),
(118, 'site5', 'Kiteezi', 'LG906910', '50', '5113', '58', '2012-05-24 13:29:46', '2004,8,31'),
(119, 'site4', 'Namuwongo', 'LG906910', '59', '6005', '54', '2012-05-24 13:29:46', '2005,11,29'),
(120, 'site5', 'Kiteezi', 'LG906910', '56', '5538', '52', '2012-05-24 13:29:46', '2006,6,3'),
(121, 'site9', 'Namuwongo', 'LG906910', '53', '6596', '58', '2012-05-24 13:29:46', '2007,7,26'),
(122, 'site6', 'Namuwongo', 'LG906910', '59', '6837', '65', '2012-05-24 13:29:46', '2008,0,25'),
(123, 'site2', 'Namuwongo', 'LG906910', '56', '6807', '52', '2012-05-24 13:29:46', '2009,1,27'),
(124, 'site2', 'Kiteezi', 'LG206040', '55', '6486', '64', '2012-05-24 13:30:10', '2002,7,23'),
(125, 'site1', 'Namuwongo', 'LG206040', '57', '6021', '65', '2012-05-24 13:30:10', '2003,0,6'),
(126, 'site4', 'Kiteezi', 'LG206040', '57', '5399', '67', '2012-05-24 13:30:10', '2004,4,19'),
(127, 'site6', 'Namuwongo', 'LG206040', '54', '6808', '57', '2012-05-24 13:30:10', '2005,2,11'),
(128, 'site5', 'Kiteezi', 'LG206040', '52', '6429', '61', '2012-05-24 13:30:10', '2006,11,15'),
(129, 'site6', 'Kiteezi', 'LG206040', '57', '5426', '50', '2012-05-24 13:30:10', '2007,4,23'),
(130, 'site5', 'Kiteezi', 'LG206040', '55', '6865', '52', '2012-05-24 13:30:10', '2008,1,2'),
(131, 'site5', 'Kiteezi', 'LG206040', '50', '6321', '50', '2012-05-24 13:30:10', '2009,8,21'),
(132, 'site9', 'Kiteezi', 'LG306012', '57', '6932', '68', '2012-05-24 13:30:21', '2002,7,25'),
(133, 'site2', 'Kiteezi', 'LG306012', '57', '6625', '50', '2012-05-24 13:30:21', '2003,10,18'),
(134, 'site3', 'Kiteezi', 'LG306012', '50', '6294', '60', '2012-05-24 13:30:21', '2004,11,11'),
(135, 'site4', 'Namuwongo', 'LG306012', '58', '6658', '62', '2012-05-24 13:30:21', '2005,5,17'),
(136, 'site4', 'Kiteezi', 'LG306012', '53', '6555', '55', '2012-05-24 13:30:21', '2006,2,19'),
(137, 'site10', 'Kiteezi', 'LG306012', '57', '6429', '50', '2012-05-24 13:30:21', '2007,1,7'),
(138, 'site5', 'Namuwongo', 'LG306012', '55', '5751', '57', '2012-05-24 13:30:21', '2008,3,3'),
(139, 'site1', 'Kiteezi', 'LG306012', '54', '6132', '51', '2012-05-24 13:30:21', '2009,11,10'),
(140, 'site6', 'Namuwongo', 'LG186213', '59', '6862', '69', '2012-05-24 13:30:34', '2002,7,8'),
(141, 'site6', 'Namuwongo', 'LG186213', '54', '6651', '67', '2012-05-24 13:30:34', '2003,3,21'),
(142, 'site6', 'Namuwongo', 'LG186213', '54', '6299', '62', '2012-05-24 13:30:34', '2004,9,16'),
(143, 'site10', 'Kiteezi', 'LG186213', '52', '6055', '51', '2012-05-24 13:30:34', '2005,11,22'),
(144, 'site5', 'Kiteezi', 'LG186213', '59', '6415', '60', '2012-05-24 13:30:34', '2006,5,21'),
(145, 'site2', 'Kiteezi', 'LG186213', '57', '6103', '63', '2012-05-24 13:30:34', '2007,1,16'),
(146, 'site1', 'Kiteezi', 'LG186213', '51', '5998', '63', '2012-05-24 13:30:34', '2008,10,5'),
(147, 'site1', 'Namuwongo', 'LG186213', '50', '6740', '62', '2012-05-24 13:30:34', '2009,11,2'),
(148, 'site7', 'Kiteezi', 'LG008890', '52', '6776', '53', '2012-05-24 13:31:12', '2002,8,8'),
(149, 'site5', 'Namuwongo', 'LG008890', '52', '6598', '57', '2012-05-24 13:31:12', '2003,8,22'),
(150, 'site5', 'Kiteezi', 'LG008890', '51', '5912', '58', '2012-05-24 13:31:12', '2004,2,9'),
(151, 'site7', 'Kiteezi', 'LG008890', '51', '5498', '53', '2012-05-24 13:31:12', '2005,10,4'),
(152, 'site1', 'Namuwongo', 'LG008890', '53', '6509', '60', '2012-05-24 13:31:12', '2006,0,29'),
(153, 'site6', 'Namuwongo', 'LG008890', '59', '6949', '53', '2012-05-24 13:31:12', '2007,8,26'),
(154, 'site4', 'Kiteezi', 'LG008890', '57', '6104', '56', '2012-05-24 13:31:13', '2008,0,16'),
(155, 'site8', 'Kiteezi', 'LG008890', '51', '6645', '66', '2012-05-24 13:31:13', '2009,1,6'),
(156, 'site3', 'Namuwongo', 'LG007712', '51', '5174', '66', '2012-05-24 13:34:22', '2002,3,4'),
(157, 'site1', 'Kiteezi', 'LG007712', '53', '6968', '68', '2012-05-24 13:34:22', '2003,2,28'),
(158, 'site2', 'Kiteezi', 'LG007712', '53', '5635', '54', '2012-05-24 13:34:22', '2004,3,31'),
(159, 'site8', 'Kiteezi', 'LG007712', '56', '5489', '50', '2012-05-24 13:34:22', '2005,6,2'),
(160, 'site3', 'Namuwongo', 'LG007712', '59', '5337', '61', '2012-05-24 13:34:22', '2006,1,21'),
(161, 'site3', 'Namuwongo', 'LG007712', '55', '5467', '66', '2012-05-24 13:34:22', '2007,0,15'),
(162, 'site7', 'Kiteezi', 'LG007712', '53', '6570', '61', '2012-05-24 13:34:23', '2008,1,12'),
(163, 'site5', 'Namuwongo', 'LG007712', '50', '6346', '68', '2012-05-24 13:34:23', '2009,6,30');

-- --------------------------------------------------------

--
-- Table structure for table `collection_site`
--

CREATE TABLE IF NOT EXISTS `collection_site` (
  `site_id` varchar(20) NOT NULL,
  `lat` varchar(20) NOT NULL,
  `lon` varchar(20) NOT NULL,
  `category` varchar(20) NOT NULL,
  PRIMARY KEY (`site_id`)
) ENGINE=InnoDB DEFAULT CHARSET=latin1;

--
-- Dumping data for table `collection_site`
--

INSERT INTO `collection_site` (`site_id`, `lat`, `lon`, `category`) VALUES
('site1', '0.333061', '32.556052', 'residential'),
('site10', '0.294094', '32.549014', 'nonresidential'),
('site2', '0.310745', '32.557425', 'residential'),
('site3', '0.332374', '32.527041', 'nonresidential'),
('site4', '0.373495', '32.484148', 'nonresidential'),
('site5', '0.283202', '32.557448', 'residential'),
('site6', '0.303192', '32.571158', 'nonresidential'),
('site7', '0.321388', '32.536139', 'nonresidential'),
('site8', '0.323105', '32.525839', 'residential'),
('site9', '0.329628', '32.549700', 'nonresidential');

-- --------------------------------------------------------

--
-- Table structure for table `members`
--

CREATE TABLE IF NOT EXISTS `members` (
  `member_id` int(11) NOT NULL AUTO_INCREMENT,
  `firstname` varchar(100) NOT NULL,
  `lastname` varchar(100) NOT NULL,
  `login` varchar(100) NOT NULL,
  `role` varchar(20) NOT NULL,
  `passwd` varchar(32) NOT NULL,
  PRIMARY KEY (`member_id`)
) ENGINE=InnoDB  DEFAULT CHARSET=latin1 AUTO_INCREMENT=10 ;

--
-- Dumping data for table `members`
--

INSERT INTO `members` (`member_id`, `firstname`, `lastname`, `login`, `role`, `passwd`) VALUES
(1, 'kat', 'jmc', 'jmckat', 'truck_driver', 'a96d41c420a150ffd17c581e18c523be'),
(2, 'kat', 'jmc', 'admin', 'truck_driver', 'a96d41c420a150ffd17c581e18c523be'),
(5, 'kkkk', 'jjjj', 'opss', 'truck_driver', 'a96d41c420a150ffd17c581e18c523be'),
(9, 'lwasampijja', 'lamech', 'lwasa', 'admin', 'a96d41c420a150ffd17c581e18c523be');

-- --------------------------------------------------------

--
-- Table structure for table `vehicle`
--

CREATE TABLE IF NOT EXISTS `vehicle` (
  `vehicle_id` varchar(20) NOT NULL,
  `maxi_capacity` int(20) NOT NULL,
  `capital_cost` int(20) NOT NULL,
  `loadtime` int(20) NOT NULL,
  `labour_cost` int(20) NOT NULL,
  `consumption_rate` int(20) NOT NULL,
  PRIMARY KEY (`vehicle_id`)
) ENGINE=InnoDB DEFAULT CHARSET=latin1;

--
-- Dumping data for table `vehicle`
--

INSERT INTO `vehicle` (`vehicle_id`, `maxi_capacity`, `capital_cost`, `loadtime`, `labour_cost`, `consumption_rate`) VALUES
('LG002311', 6248, 95499878, 58, 93662, 45),
('LG006010', 10259, 95482178, 47, 94814, 48),
('LG007712', 10980, 82829589, 57, 80300, 40),
('LG008890', 7439, 91192017, 52, 74585, 40),
('LG186213', 7853, 97550049, 59, 97881, 46),
('LG206040', 7231, 87377930, 55, 49939, 43),
('LG306012', 7982, 96640015, 51, 53287, 44),
('LG906910', 5323, 83640747, 47, 95119, 43);

/*!40101 SET CHARACTER_SET_CLIENT=@OLD_CHARACTER_SET_CLIENT */;
/*!40101 SET CHARACTER_SET_RESULTS=@OLD_CHARACTER_SET_RESULTS */;
/*!40101 SET COLLATION_CONNECTION=@OLD_COLLATION_CONNECTION */;
